ticker,name,sector,mcap_cr,pe,roe,roce,sg5,pg5,growth,quality,peg,score,fin
BSE,BSE Limited,Financial Services,140425.0,49.6,46.0,60.0,69.0,94.0,60.0,46.0,0.8266666666666667,117.4,True
ANANDRATHI,Anand Rathi Wealth Limited,Financial Services,36102.0,77.6,47.3,59.2,55.0,,49.333333333333336,47.3,1.5729729729729727,111.4,True
DIXON,Dixon Technologies (India) Limited,Consumer Durables,86449.0,46.0,37.4,42.0,55.0,27.0,46.75,39.7,0.983957219251337,110.8,False
NUVAMA,Nuvama Wealth Management Limited,Financial Services,30910.0,28.5,27.4,17.5,59.0,,55.0,27.4,0.5181818181818182,102.3,True
SOLARINDS,Solar Industries India Limited,Chemicals,180802.0,90.8,32.6,38.1,45.0,63.0,48.75,35.35,1.8625641025641024,99.4,False
KALYANKJIL,Kalyan Jewellers India Limited,Consumer Durables,62657.0,42.9,24.8,20.5,195.0,56.0,50.75,22.65,0.8453201970443349,94.9,False
APARINDS,Apar Industries Limited,Capital Goods,67010.0,55.6,20.2,31.1,44.0,94.0,45.0,25.65,1.2355555555555555,94.8,False
LICI,Life Insurance Corporation Of India,Financial Services,521180.0,8.65,37.8,35.1,81.0,,28.333333333333332,37.8,0.3052941176470588,94.4,True
LUPIN,Lupin Limited,Healthcare,102192.0,17.2,28.7,29.9,37.0,18.0,35.75,29.299999999999997,0.4811188811188811,93.4,False
TRENT,Trent Limited,Consumer Services,159436.0,87.1,27.7,28.3,69.0,38.0,47.5,28.0,1.8336842105263156,92.3,False
BEL,Bharat Electronics Limited,Capital Goods,300213.0,48.9,27.4,36.4,24.0,48.0,36.5,31.9,1.3397260273972602,90.0,False
MUTHOOTFIN,Muthoot Finance Limited,Financial Services,114138.0,10.0,30.9,15.8,23.0,15.0,28.0,30.9,0.35714285714285715,86.6,True
ASTRAMICRO,Astra Microwave Products Limited,Capital Goods,16501.0,87.4,16.0,20.2,46.0,59.0,51.25,18.1,1.7053658536585368,83.5,False
HINDZINC,Hindustan Zinc Limited,Metals & Mining,236829.0,13.8,76.6,69.5,12.0,13.0,14.25,73.05,0.968421052631579,79.4,False
M&M,Mahindra & Mahindra Limited,Automobile and Auto Components,425536.0,22.3,20.3,15.1,51.0,35.0,34.75,17.7,0.641726618705036,79.3,False
LTF,L&T Finance Limited,Financial Services,76798.0,24.0,11.2,8.4,32.0,30.0,39.75,11.2,0.6037735849056604,79.1,True
KAYNES,Kaynes Technology India Limited,Capital Goods,24604.0,70.8,9.64,13.2,108.0,,48.666666666666664,11.42,1.4547945205479451,78.8,False
ZENTEC,Zen Technologies Limited,Capital Goods,16773.0,92.3,10.7,16.2,128.0,85.0,52.5,13.45,1.758095238095238,78.4,False
EICHERMOT,Eicher Motors Limited,Automobile and Auto Components,222142.0,38.2,24.0,30.5,33.0,26.0,29.25,27.25,1.305982905982906,76.9,False
KFINTECH,Kfin Technologies Limited,Financial Services,16260.0,46.4,21.6,29.2,48.0,,34.0,21.6,1.3647058823529412,76.5,True
VEDL,Vedanta Limited,Metals & Mining,105092.0,9.71,38.2,16.1,8.0,18.0,22.5,27.150000000000002,0.4315555555555556,75.7,False
COCHINSHIP,Cochin Shipyard Limited,Capital Goods,39199.0,54.7,12.5,16.0,4.0,53.0,39.25,14.25,1.3936305732484078,75.2,False
SHRIRAMFIN,Shriram Finance Limited,Financial Services,264499.0,23.4,16.4,11.5,32.0,34.0,32.75,16.4,0.7145038167938931,75.0,True
BAJAJ-AUTO,Bajaj Auto Limited,Automobile and Auto Components,320391.0,27.2,29.2,28.2,17.0,25.0,24.75,28.7,1.098989898989899,74.6,False
HEROMOTOCO,Hero MotoCorp Limited,Automobile and Auto Components,115504.0,20.8,28.1,35.2,16.0,16.0,21.25,31.650000000000002,0.9788235294117648,74.3,False
POLYCAB,Polycab India Limited,Capital Goods,138999.0,48.5,23.0,33.2,24.0,37.0,28.5,28.1,1.7017543859649122,73.7,False
RADICO,Radico Khaitan Limited,Fast Moving Consumer Goods,62262.0,87.6,20.3,24.2,17.0,38.0,37.0,22.25,2.3675675675675674,72.7,False
FORTIS,Fortis Healthcare Limited,Healthcare,69569.0,65.2,11.2,13.4,64.0,31.0,40.0,12.3,1.6300000000000001,72.3,False
MOTILALOFS,Motilal Oswal Financial Services Limited,Financial Services,54209.0,27.4,15.5,12.7,7.0,34.0,30.75,15.5,0.8910569105691056,70.3,True
BLUESTARCO,Blue Star Limited,Consumer Durables,31009.0,58.7,17.2,21.2,50.0,30.0,33.25,19.2,1.7654135338345867,70.0,False
MEDANTA,Global Health Limited,Healthcare,38285.0,66.9,15.2,17.1,81.0,,36.0,16.15,1.8583333333333334,69.5,False
JIOFIN,Jio Financial Services Limited,Financial Services,164814.0,79.8,1.19,1.86,,,60.0,1.19,1.3299999999999998,69.5,True
NH,Narayana Hrudayalaya Ltd.,Healthcare,37543.0,43.6,20.5,15.5,155.0,30.0,31.25,18.0,1.3952,69.3,False
CHOLAFIN,Cholamandalam Investment and Finance Company Limited,Financial Services,160730.0,28.0,19.4,9.71,28.0,31.0,26.75,19.4,1.0467289719626167,68.1,True
APOLLOHOSP,Apollo Hospitals Enterprise Limited,Healthcare,128285.0,60.9,21.2,17.4,76.0,16.0,32.25,19.299999999999997,1.8883720930232557,67.9,False
BANKBARODA,Bank of Baroda,Financial Services,128586.0,5.8,12.7,5.63,73.0,25.0,26.25,12.7,0.22095238095238096,67.4,True
PHOENIXLTD,The Phoenix Mills Limited,Realty,67452.0,52.0,11.6,12.8,83.0,34.0,34.5,12.2,1.5072463768115942,66.5,False
UNOMINDA,UNO Minda Limited,Automobile and Auto Components,71710.0,58.6,19.3,19.6,43.0,28.0,30.75,19.450000000000003,1.9056910569105692,66.1,False
VBL,Varun Beverages Limited,Fast Moving Consumer Goods,146799.0,43.4,16.2,19.7,50.0,34.0,29.0,17.95,1.496551724137931,65.8,False
KPIL,Kalpataru Projects International Limited,Construction,23088.0,20.8,13.7,18.3,13.0,26.0,26.0,16.0,0.8,65.8,False
BRIGADE,Brigade Enterprises Limited,Realty,19391.0,28.5,10.5,10.5,89.0,19.0,31.0,10.5,0.9193548387096774,65.3,False
MOTHERSON,Samvardhana Motherson International Limited,Automobile and Auto Components,178370.0,39.1,11.2,13.4,32.0,16.0,31.5,12.3,1.2412698412698413,65.2,False
AJANTPHARM,Ajanta Pharma Limited,Healthcare,46008.0,40.5,27.1,34.5,12.0,19.0,20.75,30.8,1.9518072289156627,65.1,False
POLICYBZR,PB Fintech Limited,Financial Services,80634.0,108.0,9.75,10.3,42.0,,42.0,9.75,2.5714285714285716,64.6,True
ZYDUSLIFE,Zydus Lifesciences Limited,Healthcare,113715.0,23.4,21.2,21.1,19.0,16.0,22.25,21.15,1.051685393258427,64.4,False
SBIN,State Bank of India,Financial Services,984907.0,11.7,15.4,6.13,30.0,20.0,22.25,15.4,0.5258426966292135,62.9,True
COFORGE,Coforge Limited,Information Technology,80235.0,41.9,21.4,23.5,29.0,14.0,24.0,22.45,1.7458333333333333,62.3,False
FEDERALBNK,The Federal Bank  Limited,Financial Services,87250.0,18.8,11.6,6.39,21.0,33.0,25.75,11.6,0.7300970873786408,61.7,True
360ONE,360 ONE WAM LIMITED,Financial Services,47447.0,37.6,14.4,12.1,27.0,25.0,26.75,14.4,1.405607476635514,60.3,True
COLPAL,Colgate Palmolive (India) Limited,Fast Moving Consumer Goods,53883.0,125.0,158.0,179.0,,4.0,12.666666666666666,168.5,9.868421052631579,60.2,False
ABB,ABB India Limited,Capital Goods,162004.0,105.0,22.4,29.9,,35.0,28.0,26.15,3.75,59.8,False
VIJAYA,Vijaya Diagnostic Centre Limited,Healthcare,15184.0,81.0,19.7,21.3,15.0,,29.666666666666668,20.5,2.730337078651685,59.3,False
APTUS,Aptus Value Housing Finance India Limited,Financial Services,12523.0,12.7,20.1,15.4,29.0,,16.666666666666668,20.1,0.7619999999999999,59.0,True
APLAPOLLO,APL Apollo Tubes Limited,Capital Goods,57829.0,47.0,25.3,31.6,27.0,21.0,20.0,28.450000000000003,2.35,58.7,False
MARICO,Marico Limited,Fast Moving Consumer Goods,112168.0,59.5,42.8,47.0,9.0,11.0,11.5,44.9,5.173913043478261,58.7,False
MAXHEALTH,Max Healthcare Institute Limited,Healthcare,98298.0,65.7,14.7,14.7,60.0,26.0,30.25,14.7,2.171900826446281,58.6,False
TITAN,Titan Company Limited,Consumer Durables,450552.0,77.2,37.7,20.5,40.0,22.0,24.5,29.1,3.1510204081632653,58.5,False
NESTLEIND,Nestle India Limited,Fast Moving Consumer Goods,289324.0,78.0,74.2,85.3,,11.0,11.0,79.75,7.090909090909091,58.2,False
AXISBANK,Axis Bank Limited,Financial Services,378794.0,13.6,13.1,6.24,30.0,10.0,21.0,13.1,0.6476190476190476,58.1,True
CAMS,Computer Age Management Services Limited,Financial Services,18956.0,38.3,36.3,47.0,21.0,4.0,14.5,36.3,2.6413793103448273,57.6,True
TATAELXSI,Tata Elxsi Limited,Information Technology,23484.0,230.0,39.3,60.0,16.0,-3.0,9.25,49.65,24.864864864864863,56.1,False
MARUTI,Maruti Suzuki India Limited,Automobile and Auto Components,436076.0,30.4,14.3,18.9,27.0,15.0,21.25,16.6,1.4305882352941175,55.7,False
UNITDSPR,United Spirits Limited,Fast Moving Consumer Goods,111485.0,60.2,21.4,26.4,35.0,18.0,22.75,23.9,2.646153846153846,55.0,False
TITAGARH,TITAGARH RAIL SYSTEMS LIMITED,Capital Goods,11210.0,49.1,8.09,11.7,34.0,55.0,28.25,9.895,1.7380530973451327,54.9,False
NEWGEN,Newgen Software Technologies Limited,Information Technology,7639.0,22.3,19.6,25.0,21.0,13.0,15.75,22.3,1.415873015873016,54.9,False
BAJFINANCE,Bajaj Finance Limited,Financial Services,676139.0,33.0,18.2,10.9,34.0,12.0,20.25,18.2,1.6296296296296295,54.5,True
BRITANNIA,Britannia Industries Limited,Fast Moving Consumer Goods,134071.0,51.4,53.5,56.0,6.0,9.0,7.75,54.75,6.632258064516129,54.3,False
MANYAVAR,Vedant Fashions Limited,Consumer Services,12792.0,31.8,26.7,30.7,18.0,,14.666666666666666,28.7,2.1681818181818184,54.0,False
ICICIBANK,ICICI Bank Limited,Financial Services,1015604.0,18.1,15.9,7.18,24.0,15.0,17.5,15.9,1.0342857142857145,53.6,True
PRESTIGE,Prestige Estates Projects Limited,Realty,68712.0,60.4,7.53,10.4,21.0,37.0,29.75,8.965,2.030252100840336,53.4,False
AUBANK,AU Small Finance Bank Limited,Financial Services,81068.0,238.0,22.3,12.4,,11.0,25.333333333333332,22.3,9.394736842105264,52.7,True
CDSL,Central Depository Services (India) Limited,Financial Services,28042.0,59.5,24.5,32.0,18.0,17.0,21.25,24.5,2.8,52.6,True
SIEMENS,Siemens Limited,Capital Goods,139850.0,93.0,19.2,21.4,30.0,25.0,25.75,20.299999999999997,3.6116504854368934,51.2,False
JBMA,JBM Auto Limited,Automobile and Auto Components,14722.0,63.9,15.6,14.8,35.0,46.0,25.5,15.2,2.5058823529411764,50.8,False
TORNTPHARM,Torrent Pharmaceuticals Limited,Healthcare,185125.0,83.0,27.4,15.2,12.0,27.0,24.25,21.299999999999997,3.422680412371134,50.4,False
ALKEM,Alkem Laboratories Limited,Healthcare,63933.0,26.3,18.9,21.2,9.0,8.0,15.5,20.049999999999997,1.696774193548387,50.1,False
KPITTECH,KPIT Technologies Limited,Information Technology,16812.0,26.9,20.9,26.3,37.0,13.0,13.25,23.6,2.030188679245283,48.3,False
ELGIEQUIP,Elgi Equipments Limited,Capital Goods,19308.0,41.7,19.0,22.1,31.0,23.0,17.75,20.55,2.3492957746478873,48.1,False
NAUKRI,Info Edge (India) Limited,Consumer Services,86888.0,58.9,1.81,3.45,39.0,5.0,30.0,2.63,1.9633333333333334,47.9,False
SUNPHARMA,Sun Pharmaceutical Industries Limited,Healthcare,461128.0,36.5,16.0,20.5,17.0,20.0,17.25,18.25,2.1159420289855073,47.0,False
ANGELONE,Angel One Limited,Financial Services,26182.0,25.4,15.6,14.8,25.0,19.0,15.75,15.6,1.6126984126984125,46.6,True
NTPC,NTPC Limited,Power,329687.0,13.9,13.8,8.43,8.0,24.0,14.75,11.115,0.9423728813559322,46.3,False
ERIS,Eris Lifesciences Limited,Healthcare,18833.0,28.7,18.7,14.1,12.0,13.0,15.75,16.4,1.8222222222222222,45.7,False
RAINBOW,Rainbow Childrens Medicare Limited,Healthcare,14833.0,51.8,15.9,17.4,44.0,,20.0,16.65,2.59,44.9,False
FIVESTAR,Five-Star Business Finance Limited,Financial Services,16182.0,103.0,16.0,17.0,,,24.0,16.0,4.291666666666667,44.8,True
ENDURANCE,Endurance Technologies Limited,Automobile and Auto Components,40711.0,41.3,14.9,17.8,12.0,12.0,18.0,16.35,2.2944444444444443,44.6,False
TATAPOWER,Tata Power Company Limited,Power,122414.0,31.2,10.2,10.5,27.0,24.0,18.75,10.35,1.664,44.5,False
TCS,Tata Consultancy Services Limited,Information Technology,853507.0,15.9,51.8,63.0,9.0,-7.0,-0.5,57.4,,44.4,False
COROMANDEL,Coromandel International Limited,Chemicals,61804.0,31.7,17.3,24.6,9.0,20.0,13.5,20.950000000000003,2.348148148148148,43.4,False
DLF,DLF Limited,Realty,164262.0,38.2,9.5,6.32,29.0,15.0,20.75,7.91,1.840963855421687,43.1,False
LAURUSLABS,Laurus Labs Limited,Healthcare,96311.0,88.1,18.3,17.8,-2.0,21.0,20.75,18.05,4.2457831325301205,43.0,False
BDL,Bharat Dynamics Limited,Capital Goods,51280.0,98.5,10.2,13.8,10.0,49.0,25.25,12.0,3.900990099009901,42.3,False
NUVOCO,Nuvoco Vistas Corporation Limited,Construction Materials,11824.0,28.4,4.17,6.99,101.0,,19.0,5.58,1.4947368421052631,41.4,False
NCC,NCC Limited,Construction,8834.0,12.2,9.19,16.8,22.0,12.0,9.5,12.995000000000001,1.2842105263157895,39.1,False
NAVINFLUOR,Navin Fluorine International Limited,Chemicals,42290.0,74.0,15.3,20.8,14.0,17.0,17.5,18.05,4.228571428571429,39.0,False
LT,Larsen & Toubro Limited,Construction,557886.0,31.7,15.9,14.6,3.0,20.0,13.75,15.25,2.305454545454545,38.3,False
DIVISLAB,Divi's Laboratories Limited,Healthcare,224772.0,75.5,16.5,22.0,6.0,11.0,15.5,19.25,4.870967741935484,37.8,False
METROBRAND,Metro Brands Limited,Consumer Services,25781.0,65.2,22.0,20.0,41.0,,13.666666666666666,21.0,4.770731707317074,37.4,False
ITC,ITC Limited,Fast Moving Consumer Goods,347693.0,17.6,29.3,38.9,10.0,7.0,1.75,34.1,10.057142857142859,36.2,False
PAYTM,One 97 Communications Limited,Financial Services,103036.0,127.0,4.7,5.01,20.0,,26.0,4.7,4.884615384615385,35.9,True
HINDUNILVR,Hindustan Unilever Limited,Fast Moving Consumer Goods,486600.0,44.1,31.0,28.4,13.0,-2.0,5.0,29.7,8.82,35.7,False
ETERNAL,ETERNAL LIMITED,Consumer Services,308522.0,713.0,0.38,2.48,17.0,18.0,28.5,1.43,25.017543859649123,35.6,False
HDFCBANK,HDFC Bank Limited,Financial Services,1120802.0,14.2,13.6,7.02,19.0,-1.0,8.25,13.6,1.7212121212121212,34.7,True
HCLTECH,HCL Technologies Limited,Information Technology,369832.0,20.4,23.8,30.4,9.0,4.0,6.0,27.1,3.4,34.3,False
CRAFTSMAN,Craftsman Automation Limited,Automobile and Auto Components,26808.0,96.5,7.72,10.3,18.0,39.0,21.0,9.01,4.595238095238095,34.2,False
AMBER,Amber Enterprises India Limited,Consumer Durables,25464.0,129.0,5.95,10.2,18.0,20.0,21.5,8.075,6.0,33.9,False
BAJAJFINSV,Bajaj Finserv Limited,Financial Services,322014.0,31.3,13.2,10.6,17.0,7.0,12.75,13.2,2.454901960784314,33.9,True
TATASTEEL,Tata Steel Limited,Metals & Mining,228948.0,19.3,11.7,12.5,8.0,5.0,9.75,12.1,1.9794871794871796,33.0,False
THERMAX,Thermax Limited,Capital Goods,48262.0,87.7,10.6,13.9,18.0,24.0,16.25,12.25,5.396923076923077,31.8,False
MANKIND,Mankind Pharma Limited,Healthcare,99825.0,46.8,13.1,13.5,11.0,,12.666666666666666,13.3,3.694736842105263,28.5,False
NHPC,NHPC Limited,Power,77246.0,20.4,9.32,5.75,2.0,24.0,10.0,7.535,2.04,28.2,False
KAJARIACER,Kajaria Ceramics Limited,Consumer Durables,19710.0,34.2,17.9,23.3,11.0,4.0,6.0,20.6,5.7,27.8,False
POWERGRID,Power Grid Corporation of India Limited,Power,248373.0,15.7,15.3,9.1,3.0,14.0,7.0,12.2,2.242857142857143,27.7,False
RVNL,Rail Vikas Nigam Limited,Construction,47351.0,52.7,9.02,10.8,-2.0,50.0,14.25,9.91,3.698245614035088,27.0,False
BEML,BEML Limited,Capital Goods,15618.0,87.5,4.86,7.71,16.0,29.0,17.0,6.285,5.147058823529412,26.7,False
DMART,Avenue Supermarts Limited,Consumer Services,264473.0,86.4,12.9,17.2,22.0,3.0,9.5,15.05,9.094736842105263,26.5,False
TIMKEN,Timken India Limited,Capital Goods,24648.0,57.8,14.3,19.0,,16.0,8.0,16.65,7.225,26.2,False
FLUOROCHEM,Gujarat Fluorochemicals Limited,Chemicals,51920.0,84.0,7.6,9.86,36.0,22.0,14.0,8.73,6.0,25.5,False
KIMS,Krishna Institute of Medical Sciences Limited,Healthcare,33987.0,163.0,11.3,9.5,4.0,26.0,12.5,10.4,13.04,25.4,False
TECHM,Tech Mahindra Limited,Information Technology,159950.0,30.1,17.5,23.1,2.0,3.0,4.0,20.3,7.525,25.1,False
SUNDRMFAST,Sundram Fasteners Limited,Automobile and Auto Components,25553.0,41.1,14.9,17.6,11.0,10.0,7.25,16.25,5.6689655172413795,24.9,False
ULTRACEMCO,UltraTech Cement Limited,Construction Materials,342858.0,44.9,10.3,12.6,7.0,9.0,11.0,11.45,4.081818181818182,24.6,False
INDIAMART,Indiamart Intermesh Limited,Consumer Services,10742.0,21.8,20.7,28.0,11.0,-13.0,0.0,24.35,,24.4,False
CIPLA,Cipla Limited,Healthcare,117139.0,32.8,11.6,15.5,10.0,10.0,9.0,13.55,3.644444444444444,24.4,False
VGUARD,V-Guard Industries Limited,Consumer Durables,14252.0,43.9,12.9,16.8,6.0,7.0,7.75,14.850000000000001,5.664516129032258,24.1,False
DELHIVERY,Delhivery Limited,Services,34469.0,289.0,1.87,2.82,20.0,,18.0,2.3449999999999998,16.055555555555557,23.9,False
BERGEPAINT,Berger Paints (I) Limited,Consumer Durables,63506.0,51.7,17.3,21.6,10.0,-4.0,3.5,19.450000000000003,14.771428571428572,23.7,False
METROPOLIS,Metropolis Healthcare Limited,Healthcare,11300.0,54.3,13.6,17.8,1.0,-4.0,6.5,15.7,8.353846153846153,23.5,False
FINPIPE,Finolex Industries Limited,Capital Goods,9897.0,16.0,9.73,12.7,-4.0,-1.0,6.25,11.215,2.56,23.2,False
POONAWALLA,Poonawalla Fincorp Limited,Financial Services,43894.0,55.8,5.86,7.51,24.0,23.0,14.25,5.86,3.9157894736842103,23.0,True
KOTAKBANK,Kotak Mahindra Bank Limited,Financial Services,389440.0,19.5,11.4,6.98,14.0,2.0,7.0,11.4,2.7857142857142856,22.5,True
EXIDEIND,Exide Industries Limited,Automobile and Auto Components,40434.0,43.2,5.97,8.54,1.0,24.0,12.25,7.254999999999999,3.526530612244898,22.0,False
JINDALSTEL,JINDAL STEEL LIMITED,Metals & Mining,112210.0,36.4,8.22,9.7,1.0,21.0,10.25,8.96,3.551219512195122,21.3,False
ICICIPRULI,ICICI Prudential Life Insurance Company Limited,Financial Services,73440.0,45.7,12.6,10.1,11.0,-5.0,7.25,12.6,6.30344827586207,21.3,True
IRCON,Ircon International Limited,Construction,11738.0,22.4,9.19,9.69,9.0,23.0,7.75,9.44,2.890322580645161,20.6,False
SUPREMEIND,Supreme Industries Limited,Capital Goods,45326.0,43.8,15.8,20.7,-1.0,11.0,2.0,18.25,21.9,20.6,False
GLAND,Gland Pharma Limited,Healthcare,48979.0,42.8,10.7,15.1,1.0,-7.0,6.25,12.899999999999999,6.848,20.4,False
TATACONSUM,TATA CONSUMER PRODUCTS LIMITED,Fast Moving Consumer Goods,107213.0,65.0,7.35,9.24,12.0,6.0,10.0,8.295,6.5,20.3,False
JSWSTEEL,JSW Steel Limited,Metals & Mining,309643.0,41.1,8.38,10.5,-4.0,11.0,9.0,9.440000000000001,4.566666666666666,20.2,False
RATNAMANI,Ratnamani Metals & Tubes Limited,Capital Goods,16451.0,37.5,12.6,17.9,12.0,10.0,4.0,15.25,9.375,20.1,False
SRF,SRF Limited,Chemicals,77159.0,34.5,14.3,14.6,10.0,8.0,4.5,14.45,7.666666666666667,19.8,False
GODREJCP,Godrej Consumer Products Limited,Fast Moving Consumer Goods,95781.0,46.2,16.1,18.8,3.0,-1.0,1.0,17.450000000000003,46.2,18.7,False
PIIND,PI Industries Limited,Chemicals,37930.0,26.8,14.2,18.0,17.0,-5.0,1.75,16.1,15.314285714285715,18.2,False
VOLTAS,Voltas Limited,Consumer Durables,43842.0,112.0,6.1,9.04,-6.0,6.0,8.25,7.569999999999999,13.575757575757576,17.5,False
DRREDDY,Dr. Reddy's Laboratories Limited,Healthcare,100186.0,31.1,11.2,13.0,15.0,5.0,4.25,12.1,7.31764705882353,17.2,False
UBL,United Breweries Limited,Fast Moving Consumer Goods,36382.0,105.0,7.69,10.7,24.0,0.0,5.75,9.195,18.26086956521739,16.1,False
DABUR,Dabur India Limited,Fast Moving Consumer Goods,72324.0,36.5,17.0,20.3,2.0,-7.0,-2.75,18.65,,15.3,False
ATUL,Atul Limited,Chemicals,19850.0,25.0,11.5,14.9,1.0,-5.0,1.5,13.2,16.666666666666668,15.0,False
GODREJPROP,Godrej Properties Limited,Realty,59890.0,165.0,0.81,2.82,49.0,6.0,11.0,1.815,15.0,15.0,False
HDFCLIFE,HDFC Life Insurance Company Limited,Financial Services,116771.0,59.1,11.3,10.3,7.0,-4.0,2.5,11.3,23.64,14.3,True
STARCEMENT,Star Cement Limited,Construction Materials,8076.0,60.1,8.16,12.0,-6.0,12.0,1.75,10.08,34.34285714285714,12.2,False
TANLA,Tanla Platforms Limited,Information Technology,7729.0,46.4,22.4,21.6,2.0,-9.0,-8.25,22.0,,12.1,False
ARE&M,Amara Raja Energy & Mobility Limited,Automobile and Auto Components,17307.0,23.7,7.18,12.2,-3.0,5.0,2.0,9.69,11.85,12.1,False
SKFINDIA,SKF India Limited,Automobile and Auto Components,7781.0,33.5,14.8,24.2,0.0,4.0,-6.5,19.5,,11.7,False
DALBHARAT,Dalmia Bharat Limited,Construction Materials,34555.0,258.0,1.75,2.07,42.0,-1.0,7.25,1.91,35.58620689655172,10.6,False
SHREECEM,SHREE CEMENT LIMITED,Construction Materials,89138.0,54.7,7.51,10.3,-6.0,-1.0,1.25,8.905000000000001,43.760000000000005,10.4,False
CLEAN,Clean Science and Technology Limited,Chemicals,8721.0,37.4,15.3,20.6,3.0,-12.0,-8.25,17.950000000000003,,8.1,False
KANSAINER,Kansai Nerolac Paints Limited,Consumer Durables,16540.0,24.4,9.29,12.6,3.0,-13.0,-3.75,10.945,,6.4,False
TTKPRESTIG,TTK Prestige Limited,Consumer Durables,8149.0,35.4,10.2,13.7,-2.0,-8.0,-6.5,11.95,,4.1,False
CROMPTON,Crompton Greaves Consumer Electricals Limited,Consumer Durables,15992.0,35.3,10.6,18.1,-11.0,-12.0,-9.75,14.350000000000001,,2.7,False
DEEPAKNTR,Deepak Nitrite Limited,Chemicals,23519.0,29.7,9.82,11.4,-7.0,-5.0,-7.75,10.61,,1.3,False
SYNGENE,Syngene International Limited,Healthcare,16203.0,54.6,7.78,9.99,0.0,-8.0,-9.0,8.885,,-1.9,False
MFSL,Max Financial Services Limited,Financial Services,53424.0,492.0,1.52,2.87,-28.0,7.0,-3.0,1.52,,-2.1,True
GRINFRA,G R Infraprojects Limited,Construction,8432.0,9.0,9.2,11.9,-3.0,-12.0,-10.75,10.55,,-2.3,False
SYMPHONY,Symphony Limited,Consumer Durables,4276.0,1099.0,2.96,20.6,-30.0,-7.0,-14.5,11.780000000000001,,-5.6,False
PRAJIND,Praj Industries Limited,Capital Goods,6148.0,122.0,1.48,6.12,-24.0,-1.0,-13.25,3.8,,-12.1,False
PRINCEPIPE,Prince Pipes And Fittings Limited,Capital Goods,3147.0,30.2,4.67,6.12,-20.0,-15.0,-17.5,5.395,,-15.6,False
KNRCON,KNR Constructions Limited,Construction,3724.0,33.2,2.9,4.59,-14.0,-14.0,-16.75,3.745,,-16.4,False
